"['<s>[INST]From the following sentence, please extract the lasing frequency of the Quantum Cascade Semiconductor laser device. Print only the extacted value and nothing else i.e there should be no output or description after the END OF RESPONSE. Print none if the value does not exist in the input text:A sharp spike in spectral emission was detected at exactly 3.3 THz.[/INST] 3.3 THz</s>']"
"['<s>[INST]From the following sentence, please extract the optical power of the Quantum Cascade Semiconductor laser device. Print only the extacted value and nothing else i.e there should be no output or description after the END OF RESPONSE. Print none if the value does not exist in the input text:A temperature of 46 Kelvin yielded a threshold current-density measurement of about 745 A/cm2, while the peak-power output reached approximately 10 mW. \t\t[/INST] 10</s>']"
"['<s>[INST]From the following sentence, please extract the lasing frequency of the Quantum Cascade Semiconductor laser device. Print only the extacted value and nothing else i.e there should be no output or description after the END OF RESPONSE. Print none if the value does not exist in the input text:We report terahertz quantum-cascade lasers operating predominantly at 2.07 THz with side modes as low as 2.02 THz.[/INST] 2.07 THz</s>']"
"['<s>[INST]From the following sentence, please extract the working temperature of the Quantum Cascade Semiconductor laser device. Print only the extacted value and nothing else i.e there should be no output or description after the END OF RESPONSE. Print none if the value does not exist in the input text:With the use of advanced technology, we have created a terahertz quantum-cascade laser that functions at 190 K in pulsed mode and 125 K in continuous wave mode at approximately 4.5 THz.[/INST] 190 K (or 77 Kelvin)</s>']"
"['<s>[INST]From the following sentence, please extract the working temperature of the Quantum Cascade Semiconductor laser device. Print only the extacted value and nothing else i.e there should be no output or description after the END OF RESPONSE. Print none if the value does not exist in the input text:The laser operated up to a heat-sink temperature of 107 K in pulsed mode, 91 K in continuous wave (cw) mode.[/INST] 91 K (in continuous wave mode)</s>']"
"['<s>[INST]From the following sentence, please extract the heterostructure of the Quantum Cascade Semiconductor laser device. Print only the extacted value and nothing else i.e there should be no output or description after the END OF RESPONSE. Print none if the value does not exist in the input text:We have successfully created an MH device with seven quantum well GaAs/Al0.23Ga0.77As active modules, each with diagonal transitions and an optimized oscillator strength of 0.841.[/INST] The heterostructure of the Quantum Cascade Semiconductor laser device is MH, with seven quantum wells made of GaAs and Al0.23Ga0.77As, each with diagonal transitions.</s>']"
"['<s>[INST]From the following sentence, please extract the heterostructure of the Quantum Cascade Semiconductor laser device. Print only the extacted value and nothing else i.e there should be no output or description after the END OF RESPONSE. Print none if the value does not exist in the input text:The QCL has been updated with a seven-well period composed of In0.6Ga0.4As/InAs material stacks.[/INST] In0.6Ga0.4As/InAs/In0.6Ga0.4As (seven-well period)</s>']"
"['<s>[INST]From the following sentence, please extract the lasing frequency of the Quantum Cascade Semiconductor laser device. Print only the extacted value and nothing else i.e there should be no output or description after the END OF RESPONSE. Print none if the value does not exist in the input text:Demonstrated in our research was the utilization of a terahertz quantum-cascade laser capable of functioning at up to 164 K in pulsed mode and 117 K in continuous wave mode, with a frequency of approximately 3.0 THz.\t[/INST] 3.0 THz</s>']"
"['<s>[INST]From the following sentence, please extract the working temperature of the Quantum Cascade Semiconductor laser device. Print only the extacted value and nothing else i.e there should be no output or description after the END OF RESPONSE. Print none if the value does not exist in the input text:An unprecedented advancement in laser technology was achieved with resonant-phonon terahertz quantum-cascade lasers operating at an outstanding heat-sink temperature of 185 K.[/INST] 185 K</s>']"
"['<s>[INST]From the following sentence, please extract the working temperature of the Quantum Cascade Semiconductor laser device. Print only the extacted value and nothing else i.e there should be no output or description after the END OF RESPONSE. Print none if the value does not exist in the input text:For extreme environments, the QCL is the go-to choice, with a heat-sink temperature limit of 325 K, allowing it to withstand extreme temperatures and pressures.[/INST] 325 K (98 degrees Celsius)</s>']"
"['<s>[INST]From the following sentence, please extract the design type of the Quantum Cascade Semiconductor laser device. Print only the extacted value and nothing else i.e there should be no output or description after the END OF RESPONSE. Print none if the value does not exist in the input text: Employing a scattering-assisted injection and resonant-phonon depopulation method, a QCL operating at 17.3 THz frequency has been successfully developed.[/INST] Quantum Cascade Semiconductor (QCL)</s>']"
"['<s>[INST]From the following sentence, please extract the working temperature of the Quantum Cascade Semiconductor laser device. Print only the extacted value and nothing else i.e there should be no output or description after the END OF RESPONSE. Print none if the value does not exist in the input text:By optimizing the materials used, researchers were able to increase the heat-sink temperature of resonant-phonon terahertz quantum-cascade lasers to 195 K.[/INST] 195 K</s>']"
"['<s>[INST]From the following sentence, please extract the optical power of the Quantum Cascade Semiconductor laser device. Print only the extacted value and nothing else i.e there should be no output or description after the END OF RESPONSE. Print none if the value does not exist in the input text:At 68 K, the threshold current-density was measured as ~1050 A/cm2 with a peak-power output of ~24 mW.[/INST] 24 mW</s>']"
"['<s>[INST]From the following sentence, please extract the design type of the Quantum Cascade Semiconductor laser device. Print only the extacted value and nothing else i.e there should be no output or description after the END OF RESPONSE. Print none if the value does not exist in the input text: Our devices with Cu waveguide achieved a top operating temperature of 205K at B = 8 T, where the cyclotron transition was almost in resonance with the LO-phonon.[/INST] None (The sentence does not provide explicit information about the design type of the Quantum Cascade Semiconductor laser.)</s>']"
"['<s>[INST]From the following sentence, please extract the working temperature of the Quantum Cascade Semiconductor laser device. Print only the extacted value and nothing else i.e there should be no output or description after the END OF RESPONSE. Print none if the value does not exist in the input text:The latest advancements in our terahertz quantum-cascade laser technology have led to a laser that operates at 150 K in pulsed mode and 110 K in continuous wave mode at approximately 3.2 THz.[/INST] 150 K (in pulsed mode) or 110 K (in continuous wave mode) (END OF RESPONSE)</s>']"
"['<s>[INST]From the following sentence, please extract the design type of the Quantum Cascade Semiconductor laser device. Print only the extacted value and nothing else i.e there should be no output or description after the END OF RESPONSE. Print none if the value does not exist in the input text:Our proposed method of direct LO-phonon-based depopulation is highly robust, even at extreme operating temperatures of 250 degrees Celsius and duty cycles as low as 0.3, for generating[/INST] Quantum Cascade Semiconductor (QCS) laser</s>']"
"['<s>[INST]From the following sentence, please extract the working temperature of the Quantum Cascade Semiconductor laser device. Print only the extacted value and nothing else i.e there should be no output or description after the END OF RESPONSE. Print none if the value does not exist in the input text:The laser operated up to a heat-sink temperature of 113 K in pulsed mode, 89 K in continuous wave (cw) mode.[/INST] 89 K (in continuous wave mode) or 113 K (in pulsed mode) END OF RESPONSE.</s>']"
"['<s>[INST]From the following sentence, please extract the working temperature of the Quantum Cascade Semiconductor laser device. Print only the extacted value and nothing else i.e there should be no output or description after the END OF RESPONSE. Print none if the value does not exist in the input text:In cw operation, this device lased up to Tmax=70K.[/INST] 70K</s>']"
"['<s>[INST]From the following sentence, please extract the design type of the Quantum Cascade Semiconductor laser device. Print only the extacted value and nothing else i.e there should be no output or description after the END OF RESPONSE. Print none if the value does not exist in the input text:The GaAs/Al0.15Ga0.85As laser structure utilizes longitudinal-optical (LO) phonon scattering for electron depopulation.[/INST] Longitudinal-Optical (LO)</s>']"
"['<s>[INST]From the following sentence, please extract the design type of the Quantum Cascade Semiconductor laser device. Print only the extacted value and nothing else i.e there should be no output or description after the END OF RESPONSE. Print none if the value does not exist in the input text:A breakthrough in laser technology is achieved with resonant-phonon terahertz quantum-cascade lasers operating at a heat-sink temperature of 165 K.[/INST] Resonant-phonon quantum-cascade</s>']"
"['<s>[INST]From the following sentence, please extract the working temperature of the Quantum Cascade Semiconductor laser device. Print only the extacted value and nothing else i.e there should be no output or description after the END OF RESPONSE. Print none if the value does not exist in the input text: Demonstrated examples have confirmed that Resonant-phonon terahertz quantum-cascade lasers have the ability to operate at a heat-sink temperature of 182 K.\t\t[/INST] 182 K</s>']"
"['<s>[INST]From the following sentence, please extract the design type of the Quantum Cascade Semiconductor laser device. Print only the extacted value and nothing else i.e there should be no output or description after the END OF RESPONSE. Print none if the value does not exist in the input text:At B = 20 T, where the cyclotron transition is almost resonant with the LO-phonon, we recorded a maximum operating temperature of 190K for the devices with Cu waveguide.[/INST] None (The sentence does not provide the design type of the Quantum Cascade Semiconductor laser device.)</s>']"
"['<s>[INST]From the following sentence, please extract the heterostructure of the Quantum Cascade Semiconductor laser device. Print only the extacted value and nothing else i.e there should be no output or description after the END OF RESPONSE. Print none if the value does not exist in the input text:The design, called OWI185-M1 (generation EA1304), was generated in GaAs/Al0.15Ga0.85As.\t\t[/INST] GaAs/Al0.15Ga0.85As</s>']"
"['<s>[INST]From the following sentence, please extract the design type of the Quantum Cascade Semiconductor laser device. Print only the extacted value and nothing else i.e there should be no output or description after the END OF RESPONSE. Print none if the value does not exist in the input text:The resonant LO phonon scheme17,22 has been widely studied in the field, as it combines resonant tunneling with fast LO phonon scattering into level 2, from where the electrons are then sent into the next module.[/INST] Resonant LO phonon scheme</s>']"
"['<s>[INST]From the following sentence, please extract the design type of the Quantum Cascade Semiconductor laser device. Print only the extacted value and nothing else i.e there should be no output or description after the END OF RESPONSE. Print none if the value does not exist in the input text: Based on the significant operating temperatures and duty cycles involved, we propose the use of direct LO-phonon-based depopulation as a dependable technique for achieving quantum cascade lasers that emit in the long-wavelength THz range.\t\t[/INST] Direct LO-phonon-based</s>']"
"['<s>[INST]From the following sentence, please extract the lasing frequency of the Quantum Cascade Semiconductor laser device. Print only the extacted value and nothing else i.e there should be no output or description after the END OF RESPONSE. Print none if the value does not exist in the input text:With the use of cutting-edge technology, we have engineered a terahertz quantum-cascade laser that operates at 190 K in pulsed mode and 120 K in continuous wave mode at approximately 3.5 THz.[/INST] 3.5 THz</s>']"
"['<s>[INST]From the following sentence, please extract the working temperature of the Quantum Cascade Semiconductor laser device. Print only the extacted value and nothing else i.e there should be no output or description after the END OF RESPONSE. Print none if the value does not exist in the input text:The laser operated up to a heat-sink temperature of 115 K in pulsed mode, 98 K in continuous wave (cw) mode.[/INST] 98 (K)</s>']"
"['<s>[INST]From the following sentence, please extract the lasing frequency of the Quantum Cascade Semiconductor laser device. Print only the extacted value and nothing else i.e there should be no output or description after the END OF RESPONSE. Print none if the value does not exist in the input text:With a frequency of 13.5 THz and operating at 26 K, the threshold current density signifies 1147.5 A/cm2, and the peak power reaches 8.37 mW.[/INST] None (The input text does not explicitly provide the last frequency of the Quantum Cascade Semiconductor laser device.)</s>']"
"['<s>[INST]From the following sentence, please extract the lasing frequency of the Quantum Cascade Semiconductor laser device. Print only the extacted value and nothing else i.e there should be no output or description after the END OF RESPONSE. Print none if the value does not exist in the input text:A record-breaking 12.4 THz quantum cascade laser was successfully fabricated through the utilization of a pioneering scattering-assisted injection and resonant-phonon depopulation approach.[/INST] 12.4 THz</s>']"
"['<s>[INST]From the following sentence, please extract the lasing frequency of the Quantum Cascade Semiconductor laser device. Print only the extacted value and nothing else i.e there should be no output or description after the END OF RESPONSE. Print none if the value does not exist in the input text:By incorporating ten quantum wells in the design of GaAs/AlGaAs quantum cascade lasers, researchers have achieved high frequency operation at 9.5 THz.[/INST] 9.5 THz</s>']"
"['<s>[INST]From the following sentence, please extract the heterostructure of the Quantum Cascade Semiconductor laser device. Print only the extacted value and nothing else i.e there should be no output or description after the END OF RESPONSE. Print none if the value does not exist in the input text:Our laser architecture is modeled after the GaAs/Al0.15Ga0.85As heterostructure described in Ref. [6], with the only exception being a slight enlargement of approximately 2% in the thicknesses of all layers. \t\t[/INST] GaAs/Al0.15Ga0.85As</s>']"
"['<s>[INST]From the following sentence, please extract the design type of the Quantum Cascade Semiconductor laser device. Print only the extacted value and nothing else i.e there should be no output or description after the END OF RESPONSE. Print none if the value does not exist in the input text:The demonstration featured a 2.1 THz quantum cascade laser (QCL) that utilized a design consisting of scattering-assisted injection and resonant-phonon depopulation.\t\t[/INST] Scattering-assisted injection and resonant-phonon depopulation</s>']"
"['<s>[INST]From the following sentence, please extract the lasing frequency of the Quantum Cascade Semiconductor laser device. Print only the extacted value and nothing else i.e there should be no output or description after the END OF RESPONSE. Print none if the value does not exist in the input text:For ten wafers based on Si/SiGe heterostructures for lasers with target frequencies of 1.88 and 2.42 THz, we observed a blue shift of the emission frequency from the center to the edge of the wafer.[/INST] None (The given input text does not provide a specific value for the last (emission) frequency of a single Quantum Cascade Semiconductor laser device.)</s>']"
"['<s>[INST]From the following sentence, please extract the design type of the Quantum Cascade Semiconductor laser device. Print only the extacted value and nothing else i.e there should be no output or description after the END OF RESPONSE. Print none if the value does not exist in the input text:The resonant LO phonon approach, comprised of both resonant tunneling and efficient scattering of longitudinal-optical (LO) phonons, allows for the transfer of electrons through the collector barrier and into level 1 before being reinjected into the subsequent module.\t\t[/INST] None (The sentence does not provide the design type of the Quantum Cascade Semiconductor laser.)</s>']"
"['<s>[INST]From the following sentence, please extract the optical power of the Quantum Cascade Semiconductor laser device. Print only the extacted value and nothing else i.e there should be no output or description after the END OF RESPONSE. Print none if the value does not exist in the input text:The optical power of 18mW was achieved with a threshold current density of 180 A/cm2 at 4.5K from a 72-mm-wide and 0.9-mm-long laser in cw operation.[/INST] 18mW</s>']"
"['<s>[INST]From the following sentence, please extract the lasing frequency of the Quantum Cascade Semiconductor laser device. Print only the extacted value and nothing else i.e there should be no output or description after the END OF RESPONSE. Print none if the value does not exist in the input text:With the aid of cutting-edge technology, we have produced a terahertz quantum-cascade laser that operates at 220 K in pulsed mode and 140 K in continuous wave mode at approximately 6 THz.[/INST] 6 THz</s>']"
"['<s>[INST]From the following sentence, please extract the optical power of the Quantum Cascade Semiconductor laser device. Print only the extacted value and nothing else i.e there should be no output or description after the END OF RESPONSE. Print none if the value does not exist in the input text:At 48 K, the threshold current-density was measured as ~700 A/cm2 with a peak-power output of ~10 mW.[/INST] 10 (mW)</s>']"
"['<s>[INST]From the following sentence, please extract the heterostructure of the Quantum Cascade Semiconductor laser device. Print only the extacted value and nothing else i.e there should be no output or description after the END OF RESPONSE. Print none if the value does not exist in the input text:A team of researchers have fabricated GaAs/AlGaAs quantum cascade lasers with eight quantum wells that are capable of emitting at a record-breaking frequency of 7.2 THz.[/INST] GaAs/AlGaAs (eight quantum wells)</s>']"
"['<s>[INST]From the following sentence, please extract the lasing frequency of the Quantum Cascade Semiconductor laser device. Print only the extacted value and nothing else i.e there should be no output or description after the END OF RESPONSE. Print none if the value does not exist in the input text:The spectral emission data showed a significant jump at 5.2 THz.[/INST] 5.2 THz</s>']"
"['<s>[INST]From the following sentence, please extract the optical power of the Quantum Cascade Semiconductor laser device. Print only the extacted value and nothing else i.e there should be no output or description after the END OF RESPONSE. Print none if the value does not exist in the input text:At 43 K, the threshold current-density was measured as ~625 A/cm2 with a peak-power output of ~15 mW.[/INST] 15 (mW)\n\nEND OF RESPONSE</s>']"
"['<s>[INST]From the following sentence, please extract the lasing frequency of the Quantum Cascade Semiconductor laser device. Print only the extacted value and nothing else i.e there should be no output or description after the END OF RESPONSE. Print none if the value does not exist in the input text:GaAs/AlGaAs quantum cascade lasers with nine quantum well structures operating at 8.2 THz have been developed.[/INST] 8.2 THz (253.125 GHz)</s>']"
"['<s>[INST]From the following sentence, please extract the optical power of the Quantum Cascade Semiconductor laser device. Print only the extacted value and nothing else i.e there should be no output or description after the END OF RESPONSE. Print none if the value does not exist in the input text:The measured threshold current-density was approximately 745 A/cm2 at a temperature of 46 Kelvin, resulting in a peak-power output of about 10 milliwatts. \t\t[/INST] 10 milliwatts (mW)</s>']"
"['<s>[INST]From the following sentence, please extract the design type of the Quantum Cascade Semiconductor laser device. Print only the extacted value and nothing else i.e there should be no output or description after the END OF RESPONSE. Print none if the value does not exist in the input text: By implementing a active region that is confined to a bound-to-continuum and utilizing a surface-plasmon waveguide design with high resistance, we were successful in achieving 10.5 THz continuous-wave operation for quantum cascade lasers with a 5.0 THZ emission frequency.[/INST] Quantum Cascade Laser (QCL) with surface-plasmon waveguide design.</s>']"
"['<s>[INST]From the following sentence, please extract the lasing frequency of the Quantum Cascade Semiconductor laser device. Print only the extacted value and nothing else i.e there should be no output or description after the END OF RESPONSE. Print none if the value does not exist in the input text:We report terahertz quantum-cascade lasers operating predominantly at 2.12 THz with side modes as low as 2.06 THz.[/INST] 2.12</s>']"
"['<s>[INST]From the following sentence, please extract the working temperature of the Quantum Cascade Semiconductor laser device. Print only the extacted value and nothing else i.e there should be no output or description after the END OF RESPONSE. Print none if the value does not exist in the input text:The optimized design of our terahertz quantum-cascade lasers allowed us to reach a heat-sink temperature of 260 K, the highest temperature achieved so far.[/INST] 260 K (end of response)</s>']"
"['<s>[INST]From the following sentence, please extract the design type of the Quantum Cascade Semiconductor laser device. Print only the extacted value and nothing else i.e there should be no output or description after the END OF RESPONSE. Print none if the value does not exist in the input text:We demonstrated the successful operation of terahertz quantum cascade lasers emitting at 3.49 THz using a bound-to-continuum active region and high-resistivity surface-plasmon waveguide design.[/INST] Quantum Cascade Laser (with a bound-to-continuum active region and high-resistivity surface-plasmon waveguide design)</s>']"
"['<s>[INST]From the following sentence, please extract the design type of the Quantum Cascade Semiconductor laser device. Print only the extacted value and nothing else i.e there should be no output or description after the END OF RESPONSE. Print none if the value does not exist in the input text:In an experiment, resonant-phonon terahertz quantum-cascade lasers were found to be functional up to a heat-sink temperature of 180 K.[/INST] resonant-phonon quantum-cascade</s>']"
"['<s>[INST]From the following sentence, please extract the working temperature of the Quantum Cascade Semiconductor laser device. Print only the extacted value and nothing else i.e there should be no output or description after the END OF RESPONSE. Print none if the value does not exist in the input text:With a heat-sink temperature of 119 K, the new resonant-phonon terahertz quantum-cascade laser has set a new benchmark for laser technology in terms of efficiency and performance.[/INST] 119 K (Kelvin)</s>']"
"['<s>[INST]From the following sentence, please extract the working temperature of the Quantum Cascade Semiconductor laser device. Print only the extacted value and nothing else i.e there should be no output or description after the END OF RESPONSE. Print none if the value does not exist in the input text:The temperature barrier was shattered with resonant-phonon terahertz quantum-cascade lasers operating at a staggering heat-sink temperature of 225 K, a first in laser technology.[/INST] 225 K</s>']"
"['<s>[INST]From the following sentence, please extract the heterostructure of the Quantum Cascade Semiconductor laser device. Print only the extacted value and nothing else i.e there should be no output or description after the END OF RESPONSE. Print none if the value does not exist in the input text:Electron depopulation in the GaAs/Al0.15Ga0.85As laser structure is achieved through the use of LO phonon scattering.\t\t[/INST] GaAs/Al0.15Ga0.85As (GaAs-AlGaAs)</s>']"
"['<s>[INST]From the following sentence, please extract the heterostructure of the Quantum Cascade Semiconductor laser device. Print only the extacted value and nothing else i.e there should be no output or description after the END OF RESPONSE. Print none if the value does not exist in the input text:The novel MH architecture we have developed features six GaN/In0.3Ga0.7As quantum wells and optimized oscillator strength of 0.582.[/INST] GaN/In0.3Ga0.7As quantum wells (6)</s>']"
"['<s>[INST]From the following sentence, please extract the design type of the Quantum Cascade Semiconductor laser device. Print only the extacted value and nothing else i.e there should be no output or description after the END OF RESPONSE. Print none if the value does not exist in the input text:An unprecedented advancement in laser technology was achieved with resonant-phonon terahertz quantum-cascade lasers operating at an outstanding heat-sink temperature of 185 K.[/INST] Resonant-phonon quantum-cascade</s>']"
"['<s>[INST]From the following sentence, please extract the optical power of the Quantum Cascade Semiconductor laser device. Print only the extacted value and nothing else i.e there should be no output or description after the END OF RESPONSE. Print none if the value does not exist in the input text:The room-temperature setting leads to a continuous wave output power of 5.6 W, which surpasses the previous milestone.\t\t[/INST] 5.6 W (END OF RESPONSE)</s>']"
"['<s>[INST]From the following sentence, please extract the design type of the Quantum Cascade Semiconductor laser device. Print only the extacted value and nothing else i.e there should be no output or description after the END OF RESPONSE. Print none if the value does not exist in the input text:A 2.1 THz quantum cascade laser (QCL) based on a scatteringassisted injection and resonant-phonon depopulation design scheme is demonstrated.\t\t[/INST] Quantum Cascade Laser (QCL)</s>']"
"['<s>[INST]From the following sentence, please extract the optical power of the Quantum Cascade Semiconductor laser device. Print only the extacted value and nothing else i.e there should be no output or description after the END OF RESPONSE. Print none if the value does not exist in the input text:At an increased temperature of 150 degrees Fahrenheit, the continuous wave output power surpasses the previous record, reaching 25.1 W.[/INST] 25.1 W</s>']"
"['<s>[INST]From the following sentence, please extract the lasing frequency of the Quantum Cascade Semiconductor laser device. Print only the extacted value and nothing else i.e there should be no output or description after the END OF RESPONSE. Print none if the value does not exist in the input text:A 3.63 THz quantum cascade laser (QCL) utilizing a scattering-assisted injection and resonant-phonon depopulation strategy has been successfully implemented.[/INST] 3.63 THz (3630 GHz)</s>']"
"['<s>[INST]From the following sentence, please extract the heterostructure of the Quantum Cascade Semiconductor laser device. Print only the extacted value and nothing else i.e there should be no output or description after the END OF RESPONSE. Print none if the value does not exist in the input text:The three quantum well GaAs/Al0.12Ga0.88As active modules in our MH design have been optimized for diagonal transitions and an oscillator strength of 0.275.[/INST] GaAs/Al0.12Ga0.88As</s>']"
"['<s>[INST]From the following sentence, please extract the design type of the Quantum Cascade Semiconductor laser device. Print only the extacted value and nothing else i.e there should be no output or description after the END OF RESPONSE. Print none if the value does not exist in the input text: Within our exhibit, we present the persistent operation of terahertz quantum cascade lasers at 3.2 THz, featuring a bound-to-continuum active area and a semi-insulating surface-plasmon waveguide construction.[/INST] Quantum Cascade Laser (QCL) with Bound-to-Continuum Active Area and Semi-Insulating Surface-Plasmon Waveguide Construction.\n\nEND OF RESPONSE.</s>']"
"['<s>[INST]From the following sentence, please extract the heterostructure of the Quantum Cascade Semiconductor laser device. Print only the extacted value and nothing else i.e there should be no output or description after the END OF RESPONSE. Print none if the value does not exist in the input text:The QCL has a three-well period designed with the InGaN/AlGaN material system.[/INST] InGaN/AlGaN</s>']"
"['<s>[INST]From the following sentence, please extract the design type of the Quantum Cascade Semiconductor laser device. Print only the extacted value and nothing else i.e there should be no output or description after the END OF RESPONSE. Print none if the value does not exist in the input text:With the higher-than-average operating temperatures and frequency of cycles in mind, it is our contention that implementing direct LO-phonon-based depopulation is a stable technique for achieving quantum cascade lasers that operate at long-wavelength THz frequencies.\t\t[/INST] Quantum Cascade Laser (QCL)</s>']"
"['<s>[INST]From the following sentence, please extract the optical power of the Quantum Cascade Semiconductor laser device. Print only the extacted value and nothing else i.e there should be no output or description after the END OF RESPONSE. Print none if the value does not exist in the input text:A circular opening diameter of 1.75 mm was used in the Winston cone to measure 0.7 mW of peak cw power with a thermopile detector (ScienTech, model AC4000), placed next to the cryostat window from a single facet.[/INST] 0.7 (mW)</s>']"
"['<s>[INST]From the following sentence, please extract the working temperature of the Quantum Cascade Semiconductor laser device. Print only the extacted value and nothing else i.e there should be no output or description after the END OF RESPONSE. Print none if the value does not exist in the input text:The QCL can achieve pulse-mode functioning at a heat-sink temperature of 144 K, a notable improvement compared to previous THz QCLs that only operate at frequencies near 2 THz. \t\t[/INST] 144 K</s>']"
"['<s>[INST]From the following sentence, please extract the working temperature of the Quantum Cascade Semiconductor laser device. Print only the extacted value and nothing else i.e there should be no output or description after the END OF RESPONSE. Print none if the value does not exist in the input text:Researchers achieved stable operation of the quantum-cascade lasers at 168 K in pulsed mode and at 121 K in continuous-wave mode.[/INST] 121 K (or 121 Kelvin) or 150.15 K (converted from Celsius, this is the lab temperature used for continuous-wave mode operation)</s>']"
"['<s>[INST]From the following sentence, please extract the working temperature of the Quantum Cascade Semiconductor laser device. Print only the extacted value and nothing else i.e there should be no output or description after the END OF RESPONSE. Print none if the value does not exist in the input text:This device had a maximum operating temperature of 95K during continuous wave operation.\t\t[/INST] 95K</s>']"
"['<s>[INST]From the following sentence, please extract the design type of the Quantum Cascade Semiconductor laser device. Print only the extacted value and nothing else i.e there should be no output or description after the END OF RESPONSE. Print none if the value does not exist in the input text:Using a combination of nanowires, we were able to successfully demonstrate the resonant LO phonon scheme3,8, where electrons exhibited resonant tunneling behavior while being scattered by LO phonons into level 1 before being reinjected into the next module.[/INST] None (The provided sentence does not specify the design type of the Quantum Cascade Semiconductor Laser device directly.)</s>']"
"['<s>[INST]From the following sentence, please extract the optical power of the Quantum Cascade Semiconductor laser device. Print only the extacted value and nothing else i.e there should be no output or description after the END OF RESPONSE. Print none if the value does not exist in the input text:A 70-mm-wide and 1.5-mm-long laser operated at 15K, achieving an optical power of 40mW with a threshold current density of 150 A/cm2 in cw operation.[/INST] 40mW</s>']"
"['<s>[INST]From the following sentence, please extract the optical power of the Quantum Cascade Semiconductor laser device. Print only the extacted value and nothing else i.e there should be no output or description after the END OF RESPONSE. Print none if the value does not exist in the input text:The optical power of 8mW was achieved with a threshold current density of 80 A/cm2 at 2K from a 32-mm-wide and 0.4-mm-long laser in cw operation.[/INST] 8mW (8 milliwatts)</s>']"
"['<s>[INST]From the following sentence, please extract the optical power of the Quantum Cascade Semiconductor laser device. Print only the extacted value and nothing else i.e there should be no output or description after the END OF RESPONSE. Print none if the value does not exist in the input text:Our testing with a thermopile detector (Company Y, model CR10A) adjacent to the cryostat window showed a maximum cw power of 0.8 mW, collected through a Winston cone with a circular opening of 5.00 mm diameter from a single facet.[/INST] 0.8 mW (END OF RESPONSE)</s>']"
"['<s>[INST]From the following sentence, please extract the lasing frequency of the Quantum Cascade Semiconductor laser device. Print only the extacted value and nothing else i.e there should be no output or description after the END OF RESPONSE. Print none if the value does not exist in the input text:The THz QCLs under investigation emit in the range of 3 to 4.7 THz.\t\t[/INST] 3.0 - 4.7 (THz)</s>']"
"['<s>[INST]From the following sentence, please extract the working temperature of the Quantum Cascade Semiconductor laser device. Print only the extacted value and nothing else i.e there should be no output or description after the END OF RESPONSE. Print none if the value does not exist in the input text:With resonant-phonon terahertz quantum-cascade lasers operating at a heat-sink temperature of 155 K, the future of laser technology looks brighter than ever.[/INST] 155 K</s>']"
"['<s>[INST]From the following sentence, please extract the optical power of the Quantum Cascade Semiconductor laser device. Print only the extacted value and nothing else i.e there should be no output or description after the END OF RESPONSE. Print none if the value does not exist in the input text:0.9 mW of peak cw power was measured by the thermopile detector (ScienTech, model AC4000) placed next to the cryostat window, from a single facet collected with a Winston cone with a circular opening of 4.95 mm diameter.[/INST] 0.9 mW</s>']"
"['<s>[INST]From the following sentence, please extract the working temperature of the Quantum Cascade Semiconductor laser device. Print only the extacted value and nothing else i.e there should be no output or description after the END OF RESPONSE. Print none if the value does not exist in the input text:Our quantum-cascade lasers displayed remarkable potential with a heat-sink temperature of 110 K in our initial tests.[/INST] 110 (Kelvin)\n\n[END OF RESPONSE]</s>']"
"['<s>[INST]From the following sentence, please extract the working temperature of the Quantum Cascade Semiconductor laser device. Print only the extacted value and nothing else i.e there should be no output or description after the END OF RESPONSE. Print none if the value does not exist in the input text:In pulsed operation, the device lased up to a maximum heatsink temperature (Tmax) of 235 K.[/INST] 235 K</s>']"
"['<s>[INST]From the following sentence, please extract the lasing frequency of the Quantum Cascade Semiconductor laser device. Print only the extacted value and nothing else i.e there should be no output or description after the END OF RESPONSE. Print none if the value does not exist in the input text:Our research shows that the terahertz (THz) quantum cascade lasers operating at 1.2 THz using bound-to-continuum active region and silver-based surface-plasmon waveguide design exhibit stable continuous-wave operation.[/INST] 1.2 THz (Terahertz)</s>']"
"['<s>[INST]From the following sentence, please extract the optical power of the Quantum Cascade Semiconductor laser device. Print only the extacted value and nothing else i.e there should be no output or description after the END OF RESPONSE. Print none if the value does not exist in the input text:At 55 K, the threshold current-density was measured as ~2500 A/cm2 with a peak-power output of ~33 mW.[/INST] 33 (mW)</s>']"
"['<s>[INST]From the following sentence, please extract the working temperature of the Quantum Cascade Semiconductor laser device. Print only the extacted value and nothing else i.e there should be no output or description after the END OF RESPONSE. Print none if the value does not exist in the input text:With a lasing frequency of 3.97 THz, this device can operate at temperatures as low as 119K.[/INST] 119K</s>']"
"['<s>[INST]From the following sentence, please extract the optical power of the Quantum Cascade Semiconductor laser device. Print only the extacted value and nothing else i.e there should be no output or description after the END OF RESPONSE. Print none if the value does not exist in the input text:0.6 mW of peak cw power was measured by the thermopile detector (ScienTech, model AC4000) placed next to the cryostat window, from a single facet collected with a Winston cone with a circular opening of 3.30 mm diameter.[/INST] 0.6 mW</s>']"
"['<s>[INST]From the following sentence, please extract the optical power of the Quantum Cascade Semiconductor laser device. Print only the extacted value and nothing else i.e there should be no output or description after the END OF RESPONSE. Print none if the value does not exist in the input text:At 225K, the laser produced an optical power of 90mW with a threshold current density of 3000 A/cm2 from a 600-mm-wide and 8-mm-long laser in cw operation.[/INST] 90mW</s>']"
"['<s>[INST]From the following sentence, please extract the working temperature of the Quantum Cascade Semiconductor laser device. Print only the extacted value and nothing else i.e there should be no output or description after the END OF RESPONSE. Print none if the value does not exist in the input text:A new record was set in laser technology with resonant-phonon terahertz quantum-cascade lasers operating at an impressive heat-sink temperature of 175 K.[/INST] 175 K</s>']"
"['<s>[INST]From the following sentence, please extract the design type of the Quantum Cascade Semiconductor laser device. Print only the extacted value and nothing else i.e there should be no output or description after the END OF RESPONSE. Print none if the value does not exist in the input text: With a heat-sink temperature of 119 K, the new resonant-phonon terahertz quantum-cascade laser outperforms its predecessors in terms of effectiveness and functionality, solidifying its place as a leader in laser technology.[/INST] Quantum Cascade (None)</s>']"
"['<s>[INST]From the following sentence, please extract the design type of the Quantum Cascade Semiconductor laser device. Print only the extacted value and nothing else i.e there should be no output or description after the END OF RESPONSE. Print none if the value does not exist in the input text: By implementing a bound-to-continuum active region and utilizing an aluminum-based surface-plasmon waveguide layout, we were able to attain continuous-wave operation of terahertz quantum cascade lasers with emission at 3.9 THz.[/INST] Continuous-wave</s>']"
"['<s>[INST]From the following sentence, please extract the lasing frequency of the Quantum Cascade Semiconductor laser device. Print only the extacted value and nothing else i.e there should be no output or description after the END OF RESPONSE. Print none if the value does not exist in the input text:The device operates at a lasing frequency of 2.62 THz and can withstand temperatures up to 151K.\t\t[/INST] 2.62 THz</s>']"
"['<s>[INST]From the following sentence, please extract the optical power of the Quantum Cascade Semiconductor laser device. Print only the extacted value and nothing else i.e there should be no output or description after the END OF RESPONSE. Print none if the value does not exist in the input text:When operated at 25 K continuously, the threshold voltage is 650 A/cm2, and the peak power is estimated to be around 4.5 mW.[/INST] NONE (there is no explicit mention of the optical power in the input text)</s>']"
"['<s>[INST]From the following sentence, please extract the lasing frequency of the Quantum Cascade Semiconductor laser device. Print only the extacted value and nothing else i.e there should be no output or description after the END OF RESPONSE. Print none if the value does not exist in the input text:Thanks to cutting-edge advancements, our team has constructed a terahertz quantum-cascade laser that runs at 170 K in pulsed mode and 100 K in continuous wave mode at approximately 3 THz.[/INST] 3 THz (3 terahertz)</s>']"
"['<s>[INST]From the following sentence, please extract the design type of the Quantum Cascade Semiconductor laser device. Print only the extacted value and nothing else i.e there should be no output or description after the END OF RESPONSE. Print none if the value does not exist in the input text:This approach, referred to as the resonant LO phonon principle, combines resonant tunneling across the collector barrier with swift scattering of longitudinal-optical (LO) phonons into level 1, ultimately leading to their reinjection into the subsequent module.\t\t[/INST] none (The sentence does not explicitly mention the design type of the Quantum Cascade Semiconductor laser device.)</s>']"
"['<s>[INST]From the following sentence, please extract the working temperature of the Quantum Cascade Semiconductor laser device. Print only the extacted value and nothing else i.e there should be no output or description after the END OF RESPONSE. Print none if the value does not exist in the input text:The future of laser technology looks promising with the development of resonant-phonon terahertz quantum-cascade lasers, which can operate at a heat-sink temperature of 165 K, setting new standards for efficiency and performance.[/INST] 165 K</s>']"
"['<s>[INST]From the following sentence, please extract the lasing frequency of the Quantum Cascade Semiconductor laser device. Print only the extacted value and nothing else i.e there should be no output or description after the END OF RESPONSE. Print none if the value does not exist in the input text:Utilizing advanced methods, our team has successfully created a terahertz quantum-cascade laser that functions at 210 K in pulsed mode and 130 K in continuous wave mode at approximately 5 THz.[/INST] 5 THz</s>']"
"['<s>[INST]From the following sentence, please extract the working temperature of the Quantum Cascade Semiconductor laser device. Print only the extacted value and nothing else i.e there should be no output or description after the END OF RESPONSE. Print none if the value does not exist in the input text:Laser action is induced in pulsed mode at temperatures up to 85 K, and at 30% duty cycle up to 20 K.[/INST] 85 K (End of Response)\n\nAdditional information: The laser action can also operate down to 20 K under specific conditions (30% duty cycle). However, the exact initial question only asked for the upper temperature limit, so that value (85 K) was the one extracted.</s>']"
"['<s>[INST]From the following sentence, please extract the optical power of the Quantum Cascade Semiconductor laser device. Print only the extacted value and nothing else i.e there should be no output or description after the END OF RESPONSE. Print none if the value does not exist in the input text:At 95 K, the threshold current-density was measured as ~1100 A/cm2 with a peak-power output of ~27 mW.[/INST] 27 mW</s>']"
"['<s>[INST]From the following sentence, please extract the design type of the Quantum Cascade Semiconductor laser device. Print only the extacted value and nothing else i.e there should be no output or description after the END OF RESPONSE. Print none if the value does not exist in the input text: A peak operating temperature of 205K was achieved for our Cu waveguide devices at B = 8 T, where the cyclotron transition and LO-phonon were very close to being in sync.[/INST] None (The information about the design type of the Quantum Cascade Semiconductor laser device is not explicitly mentioned in the provided sentence.)</s>']"
"['<s>[INST]From the following sentence, please extract the lasing frequency of the Quantum Cascade Semiconductor laser device. Print only the extacted value and nothing else i.e there should be no output or description after the END OF RESPONSE. Print none if the value does not exist in the input text:By incorporating this advanced fabrication methodology and an improved active region, researchers achieved operation of a 9 THz QCL at 204 K in pulsed mode and 147 K in cw mode.[/INST] 9 THz or 9 terahertz</s>']"
"['<s>[INST]From the following sentence, please extract the lasing frequency of the Quantum Cascade Semiconductor laser device. Print only the extacted value and nothing else i.e there should be no output or description after the END OF RESPONSE. Print none if the value does not exist in the input text:Scientists have developed a new GaSb/AlSb quantum cascade laser, with five quantum well structures, operating at 1.8 THz.[/INST] 1.8 THz</s>']"
"['<s>[INST]From the following sentence, please extract the design type of the Quantum Cascade Semiconductor laser device. Print only the extacted value and nothing else i.e there should be no output or description after the END OF RESPONSE. Print none if the value does not exist in the input text:A record-breaking heat-sink temperature of 200 K is achieved for resonant-phonon terahertz quantum-cascade lasers.[/INST] Resonant-phonon terahertz quantum-cascade</s>']"
"['<s>[INST]From the following sentence, please extract the optical power of the Quantum Cascade Semiconductor laser device. Print only the extacted value and nothing else i.e there should be no output or description after the END OF RESPONSE. Print none if the value does not exist in the input text:The thermopile detector (ScienTech, model AC1500) registered a peak cw power of 2 mW when placed near the cryostat window, from a single facet collected with a Winston cone with a circular opening of 1.5 mm diameter.[/INST] 2 (mW)\n\nEND OF RESPONSE\n\nHowever, this sentence does not provide the optical power of the Quantum Cascade Semiconductor (QCS) laser device, only the peak cw power of the detector near the QCS laser. The optical power of the QCS laser is not explicitly mentioned in the provided text.</s>']"
"['<s>[INST]From the following sentence, please extract the working temperature of the Quantum Cascade Semiconductor laser device. Print only the extacted value and nothing else i.e there should be no output or description after the END OF RESPONSE. Print none if the value does not exist in the input text:Employing the latest advancements, we have developed a terahertz quantum-cascade laser that runs at 180 K in pulsed mode and 110 K in continuous wave mode at approximately 4 THz.[/INST] 180 K (in pulsed mode)\n\nor\n\n110 K (in continuous wave mode)</s>']"
"['<s>[INST]From the following sentence, please extract the lasing frequency of the Quantum Cascade Semiconductor laser device. Print only the extacted value and nothing else i.e there should be no output or description after the END OF RESPONSE. Print none if the value does not exist in the input text:By incorporating cutting-edge technology, we have created a terahertz quantum-cascade laser that operates at 210 K in pulsed mode and 140 K in continuous wave mode at approximately 7 THz.[/INST] 7 THz</s>']"
"['<s>[INST]From the following sentence, please extract the working temperature of the Quantum Cascade Semiconductor laser device. Print only the extacted value and nothing else i.e there should be no output or description after the END OF RESPONSE. Print none if the value does not exist in the input text:Cutting-edge research has led to the creation of a 170 K heat-sink temperature quantum-cascade laser that utilizes resonant phonons for enhanced efficiency and performance.[/INST] 170 K (103 Kelvin or -163C)</s>']"
"['<s>[INST]From the following sentence, please extract the optical power of the Quantum Cascade Semiconductor laser device. Print only the extacted value and nothing else i.e there should be no output or description after the END OF RESPONSE. Print none if the value does not exist in the input text:Operating at 5 K in pulsed mode, the threshold current density is 840 A/cm2, and the peak power is approximately 2.5 mW.\t\t[/INST] None (The input text does not provide the optical power of the Quantum Cascade Semiconductor laser device.)</s>']"
"['<s>[INST]From the following sentence, please extract the optical power of the Quantum Cascade Semiconductor laser device. Print only the extacted value and nothing else i.e there should be no output or description after the END OF RESPONSE. Print none if the value does not exist in the input text:Running at 1 K in pulsed mode, the threshold current density is 1400 A/cm2, and the peak power is approximately 0.5 mW.[/INST] None</s>']"
"['<s>[INST]From the following sentence, please extract the working temperature of the Quantum Cascade Semiconductor laser device. Print only the extacted value and nothing else i.e there should be no output or description after the END OF RESPONSE. Print none if the value does not exist in the input text:Through our rigorous experimentation, we have successfully demonstrated a terahertz quantum-cascade laser that can function up to 220 K in pulsed mode and 135 K in continuous wave mode at approximately 5.1 THz.T[/INST] 220 K (in pulsed mode) or 135 K (in continuous wave mode)</s>']"
"['<s>[INST]From the following sentence, please extract the design type of the Quantum Cascade Semiconductor laser device. Print only the extacted value and nothing else i.e there should be no output or description after the END OF RESPONSE. Print none if the value does not exist in the input text:By incorporating a bound-to-continuum active region and high-resistivity surface-plasmon waveguide design, we were able to successfully operate 12.3 THz quantum cascade lasers without interruption.[/INST] Quantum Well (Bound-to-Continuum active region) WITH Surface-Plasmon waveguide design</s>']"
"['<s>[INST]From the following sentence, please extract the optical power of the Quantum Cascade Semiconductor laser device. Print only the extacted value and nothing else i.e there should be no output or description after the END OF RESPONSE. Print none if the value does not exist in the input text:At 60 K, the threshold current-density was measured as ~3000 A/cm2 with a peak-power output of ~35 mW.[/INST] 35\n\nEND OF RESPONSE</s>']"
"[""<s>[INST]From the following sentence, please extract the heterostructure of the Quantum Cascade Semiconductor laser device. Print only the extacted value and nothing else i.e there should be no output or description after the END OF RESPONSE. Print none if the value does not exist in the input text:The QCL's structure incorporates a four-well pattern within the GaAs/Al0.15Ga0.85As material platform.\t\t[/INST] GaAs/Al0.15Ga0.85As four-well pattern</s>""]"
"['<s>[INST]From the following sentence, please extract the design type of the Quantum Cascade Semiconductor laser device. Print only the extacted value and nothing else i.e there should be no output or description after the END OF RESPONSE. Print none if the value does not exist in the input text:The latest breakthrough in laser technology is resonant-phonon terahertz quantum-cascade lasers operating at a heat-sink temperature of 175 K, surpassing all previous records.[/INST] resonant-phonon quantum-cascade</s>']"
"['<s>[INST]From the following sentence, please extract the optical power of the Quantum Cascade Semiconductor laser device. Print only the extacted value and nothing else i.e there should be no output or description after the END OF RESPONSE. Print none if the value does not exist in the input text:In cw operation, a 400-mm-wide and 4-mm-long laser produced an optical power of 250mW with a threshold current density of 3000 A/cm2 at a temperature of 150K.[/INST] 250mW</s>']"
"['<s>[INST]From the following sentence, please extract the heterostructure of the Quantum Cascade Semiconductor laser device. Print only the extacted value and nothing else i.e there should be no output or description after the END OF RESPONSE. Print none if the value does not exist in the input text:This result is achieved by using the alternative material combination In0.53Ga0.47As/GaAs0.51Sb0.49, lattice-matched to InP, which exhibits fabrication advantages over standard In0.53Ga0.47As/In0.52Al0.48As due to more suitable material parameters.\t\t[/INST] In0.53Ga0.47As/GaAs0.51Sb0.49</s>']"
"['<s>[INST]From the following sentence, please extract the working temperature of the Quantum Cascade Semiconductor laser device. Print only the extacted value and nothing else i.e there should be no output or description after the END OF RESPONSE. Print none if the value does not exist in the input text:When the temperature is increased to 100 degrees Celsius, the continuous wave output power sets a new record at 18.2 W.[/INST] 100 degrees Celsius (END OF RESPONSE)</s>']"
"['<s>[INST]From the following sentence, please extract the working temperature of the Quantum Cascade Semiconductor laser device. Print only the extacted value and nothing else i.e there should be no output or description after the END OF RESPONSE. Print none if the value does not exist in the input text:By pushing the limits, we were able to achieve a maximum heatsink temperature of 178 K for our InGaAs-based THz QCLs, resulting in unparalleled performance.[/INST] 178 K (105.15 degrees Kelvin)</s>']"
"['<s>[INST]From the following sentence, please extract the lasing frequency of the Quantum Cascade Semiconductor laser device. Print only the extacted value and nothing else i.e there should be no output or description after the END OF RESPONSE. Print none if the value does not exist in the input text:The most efficient 4.5-mm-long device operating at 5.37 THz has a low threshold current density of 340 A/cm2 at 25 K.[/INST] 5.37 THz</s>']"
"['<s>[INST]From the following sentence, please extract the optical power of the Quantum Cascade Semiconductor laser device. Print only the extacted value and nothing else i.e there should be no output or description after the END OF RESPONSE. Print none if the value does not exist in the input text:0.5 mW of peak cw power was measured by the thermopile detector (ScienTech, model AC4000) placed next to the cryostat window, from a single facet collected with a Winston cone with a circular opening of 2.75 mm diameter.[/INST] 0.5 mW</s>']"
"['<s>[INST]From the following sentence, please extract the working temperature of the Quantum Cascade Semiconductor laser device. Print only the extacted value and nothing else i.e there should be no output or description after the END OF RESPONSE. Print none if the value does not exist in the input text:Despite having a smaller radiative oscillator strength, this terahertz QCL achieved a record-breaking pulsed Tmax of 217 K.[/INST] 217 K</s>']"
"['<s>[INST]From the following sentence, please extract the working temperature of the Quantum Cascade Semiconductor laser device. Print only the extacted value and nothing else i.e there should be no output or description after the END OF RESPONSE. Print none if the value does not exist in the input text:In pulsed operation, the heatsink temperature (Tmax) of the device reached up to 220 K.[/INST] 220 (K)</s>']"
"['<s>[INST]From the following sentence, please extract the lasing frequency of the Quantum Cascade Semiconductor laser device. Print only the extacted value and nothing else i.e there should be no output or description after the END OF RESPONSE. Print none if the value does not exist in the input text:At the lasing frequency of 5.3 THz, 90 mW of peak optical power was measured at 3 K, and approximately 3 mW could still be detected at 185 K.[/INST] 5.3 THz</s>']"
"['<s>[INST]From the following sentence, please extract the design type of the Quantum Cascade Semiconductor laser device. Print only the extacted value and nothing else i.e there should be no output or description after the END OF RESPONSE. Print none if the value does not exist in the input text: Our exhibit showcases the continual usage of terahertz quantum cascade lasers, which operate at a frequency of 3.2 THz and utilize a bound-to-continuum active area along with a semi-insulating surface-plasmon waveguide design.[/INST] Semi-insulating surface-plasmon waveguide</s>']"
"[""<s>[INST]From the following sentence, please extract the heterostructure of the Quantum Cascade Semiconductor laser device. Print only the extacted value and nothing else i.e there should be no output or description after the END OF RESPONSE. Print none if the value does not exist in the input text:The device's chosen quantum cascade module is designed with a five-well GaAs/Al0.25Ga0.75As composition to effectively suppress leakage current.\t\t[/INST] The heterostructure of the Quantum Cascade Semiconductor laser device is GaAs/Al0.25Ga0.75As.\n\nEND OF RESPONSE.</s>""]"
"['<s>[INST]From the following sentence, please extract the heterostructure of the Quantum Cascade Semiconductor laser device. Print only the extacted value and nothing else i.e there should be no output or description after the END OF RESPONSE. Print none if the value does not exist in the input text:A nine-well period has been incorporated into the QCL, consisting of a InAs/InP material system.[/INST] InAs/InP</s>']"
"['<s>[INST]From the following sentence, please extract the optical power of the Quantum Cascade Semiconductor laser device. Print only the extacted value and nothing else i.e there should be no output or description after the END OF RESPONSE. Print none if the value does not exist in the input text:A remarkable output power of 0.23 W was attained by Terahertz quantum cascade lasers in continuous wave mode, breaking previous records.\t\t[/INST] 0.23</s>']"
"['<s>[INST]From the following sentence, please extract the working temperature of the Quantum Cascade Semiconductor laser device. Print only the extacted value and nothing else i.e there should be no output or description after the END OF RESPONSE. Print none if the value does not exist in the input text:In cw operation, this device lased up to Tmax=100K.[/INST] 100K</s>']"
"['<s>[INST]From the following sentence, please extract the design type of the Quantum Cascade Semiconductor laser device. Print only the extacted value and nothing else i.e there should be no output or description after the END OF RESPONSE. Print none if the value does not exist in the input text: The implementation of a bound-to-continuum active region and a high-resistivity surface-plasmon waveguide design enabled the continuous operation of 11.8 THz quantum cascade lasers with great success. [/INST] Quantum Cascade Laser (QCL)</s>']"
"['<s>[INST]From the following sentence, please extract the design type of the Quantum Cascade Semiconductor laser device. Print only the extacted value and nothing else i.e there should be no output or description after the END OF RESPONSE. Print none if the value does not exist in the input text: The resonant LO phonon scheme, which is a combination of resonant tunneling across the collector barrier and efficient scattering of longitudinal-optical (LO) phonons into level 1, enables reinjection into the next module.[/INST] Quantum Cascade Semiconductor (QCS) laser type is not explicitly specified in the provided sentence.</s>']"
"['<s>[INST]From the following sentence, please extract the optical power of the Quantum Cascade Semiconductor laser device. Print only the extacted value and nothing else i.e there should be no output or description after the END OF RESPONSE. Print none if the value does not exist in the input text:Record-breaking output power of 0.23 W was achieved for Terahertz quantum cascade lasers in continuous wave mode.\t\t[/INST] 0.23 (W)\n\nEND OF RESPONSE.</s>']"
"['<s>[INST]From the following sentence, please extract the working temperature of the Quantum Cascade Semiconductor laser device. Print only the extacted value and nothing else i.e there should be no output or description after the END OF RESPONSE. Print none if the value does not exist in the input text:In continuous operation, the device reached a maximum heatsink temperature (Tmax) of 300 K.[/INST] 300 [K]</s>']"
"['<s>[INST]From the following sentence, please extract the lasing frequency of the Quantum Cascade Semiconductor laser device. Print only the extacted value and nothing else i.e there should be no output or description after the END OF RESPONSE. Print none if the value does not exist in the input text:When studying three lasers with target frequencies of 3.36 and 3.92 THz, utilizing GaAs/AlAs heterostructures, we detected a blue shift in the emission frequency from the center to the edge of the wafer.\t\t[/INST] None (since the input text does not provide the emission frequency at the edge of the wafer.)</s>']"
"['<s>[INST]From the following sentence, please extract the heterostructure of the Quantum Cascade Semiconductor laser device. Print only the extacted value and nothing else i.e there should be no output or description after the END OF RESPONSE. Print none if the value does not exist in the input text:Creating a multilayer heterostructure (MH), we focused on achieving optimal oscillator strength of 0.425 by utilizing a three quantum well GaAs/Al0.15Ga0.85As active module with diagonal transitions.\t\t[/INST] The heterostructure of the Quantum Cascade Semiconductor laser device is GaAs/Al0.15Ga0.85As.\n\nEND OF RESPONSE</s>']"
"['<s>[INST]From the following sentence, please extract the lasing frequency of the Quantum Cascade Semiconductor laser device. Print only the extacted value and nothing else i.e there should be no output or description after the END OF RESPONSE. Print none if the value does not exist in the input text:A 7.3 THz quantum cascade laser (QCL) utilizing a scattering-assisted injection and resonant-phonon depopulation strategy has been successfully implemented.[/INST] The input text does not provide the specific frequency value. The statement only mentions the use of a 7.3 THz Quantum Cascade Laser (QCL), but it does not reveal the exact frequency at which this device is operating.</s>']"
"['<s>[INST]From the following sentence, please extract the lasing frequency of the Quantum Cascade Semiconductor laser device. Print only the extacted value and nothing else i.e there should be no output or description after the END OF RESPONSE. Print none if the value does not exist in the input text:The latest generation of GaAs/AlGaAs quantum cascade lasers, featuring twelve quantum wells, have achieved an impressive frequency of 8.9 THz in testing.[/INST] END OF RESPONSE: 8.9 THz</s>']"
"['<s>[INST]From the following sentence, please extract the working temperature of the Quantum Cascade Semiconductor laser device. Print only the extacted value and nothing else i.e there should be no output or description after the END OF RESPONSE. Print none if the value does not exist in the input text:The heat-sink temperature of 180 K proved to be optimal for achieving maximum efficiency in our quantum-cascade lasers during our preliminary experiments.[/INST] 180 K (Kelvin)\n\n**END OF RESPONSE**</s>']"
"['<s>[INST]From the following sentence, please extract the working temperature of the Quantum Cascade Semiconductor laser device. Print only the extacted value and nothing else i.e there should be no output or description after the END OF RESPONSE. Print none if the value does not exist in the input text:By combining this fabrication with an improved active region design, operation of a 3 THz QCL is observed up to 164 K in pulsed mode and 117 K in cw mode.\t[/INST] 164 K (pulsed mode), 117 K (cw mode)</s>']"
"['<s>[INST]From the following sentence, please extract the lasing frequency of the Quantum Cascade Semiconductor laser device. Print only the extacted value and nothing else i.e there should be no output or description after the END OF RESPONSE. Print none if the value does not exist in the input text:With a pulse-mode capability and heat-sink temperature of 144 K, the QCL stands out from previously reported THz QCLs that are limited to operation around 2 THz.\t[/INST] 2 THz (END OF RESPONSE)</s>']"
"['<s>[INST]From the following sentence, please extract the lasing frequency of the Quantum Cascade Semiconductor laser device. Print only the extacted value and nothing else i.e there should be no output or description after the END OF RESPONSE. Print none if the value does not exist in the input text:At a frequency of 3.9 THz, the laser exhibited an optical power peak of 63 mW at a low temperature of 5 K, and could be detected at 5 mW even at a higher temperature of 180 K.\t\t[/INST] 3.9 THz (Terahertz)</s>']"
